CustomerID,CustomerName,Date of birth,Country
11000,Alice,13-02-1900,North America
11001,Bob,24-02-1900,Europe
11002,Charlie,06-03-1900,Asia
11003,Madhu,25-02-1900,North America
11004,Naveen,17-03-1900,Europe
11005,Hema,23-01-1900,Asia
11007,JON,17-03-1900,North America
11008,EUGENE,28-03-1900,Europe
11009,RUBEN,14-02-1900,Asia
11010,CHRISTY,06-03-1900,North America
11011,ELIZABETH,06-03-1900,Europe
11012,JULIO,17-03-1900,Asia
11013,MARCO,28-03-1900,North America
11014,ROBIN,14-02-1900,Europe
11015,SHANNON,06-03-1900,Asia
11016,JACQUELYN,06-03-1900,North America
11017,CURTIS,23-01-1900,Europe
11018,LAUREN,24-01-1900,Asia
11019,IAN,25-02-1900,North America
11020,SYDNEY,28-03-1900,Europe
11021,CHLOE,02-02-1900,Asia
11022,WYATT,14-02-1900,North America
11023,SHANNON,22-01-1900,Europe
11024,CLARENCE,23-01-1900,Asia
11025,LUKE,24-01-1900,North America
11026,JORDAN,13-02-1900,Europe
11027,DESTINY,24-02-1900,Asia
11028,ETHAN,06-03-1900,North America
11029,SETH,25-02-1900,Europe
11030,RUSSELL,17-03-1900,Asia
11031,ALEJANDRO,23-01-1900,North America
11032,HAROLD,17-03-1900,Europe
11033,JESSIE,28-03-1900,Asia
11034,JILL,14-02-1900,North America
11035,JIMMY,06-03-1900,Europe
11036,BETHANY,06-03-1900,Asia
11037,THERESA,17-03-1900,North America
11038,DENISE,28-03-1900,Europe
11039,JAIME,14-02-1900,Asia
11040,EBONY,06-03-1900,North America
11041,WENDY,06-03-1900,Europe
11042,JENNIFER,23-01-1900,Asia
11043,CHLOE,24-01-1900,North America
11044,DIANA,25-02-1900,Europe
11045,MARC,28-03-1900,Asia
11046,JESSE,02-02-1900,North America
11047,AMANDA,14-02-1900,Europe
11048,MEGAN,22-01-1900,Asia
11049,NATHAN,23-01-1900,North America
11050,ADAM,24-01-1900,Europe
11051,LEONARD,13-02-1900,Asia
11052,CHRISTINE,24-02-1900,North America
11053,JACLYN,06-03-1900,Europe
11054,JEREMY,25-02-1900,Asia
11055,CAROL,17-03-1900,North America
11056,ALAN,23-01-1900,Europe
11057,DANIEL,17-03-1900,Asia
11058,HEIDI,28-03-1900,North America
11059,ANA,14-02-1900,Europe
11060,DEANNA,06-03-1900,Asia
11061,GILBERT,06-03-1900,North America
11062,MICHELE,17-03-1900,Europe
11063,CARL,28-03-1900,Asia
11064,MARC,14-02-1900,North America
11065,ASHLEE,06-03-1900,Europe
11066,JON,06-03-1900,Asia
11067,TODD,23-01-1900,North America
11068,NOAH,24-01-1900,Europe
11069,ANGELA,25-02-1900,Asia
11070,CHASE,28-03-1900,North America
11071,JESSICA,02-02-1900,Europe
11072,GRACE,14-02-1900,Asia
11073,CALEB,22-01-1900,North America
11074,TIFFANY,23-01-1900,Europe
11075,CAROLYN,24-01-1900,Asia
11076,WILLIE,13-02-1900,North America
11077,LINDA,24-02-1900,Europe
11078,CASEY,06-03-1900,Asia
11079,AMY,25-02-1900,North America
11080,LEVI,17-03-1900,Europe
11081,FELICIA,23-01-1900,Asia
11082,BLAKE,17-03-1900,North America
11083,LEAH,28-03-1900,Europe
11084,GINA,14-02-1900,Asia
11085,DONALD,06-03-1900,North America
11086,DAMIEN,06-03-1900,Europe
11087,SAVANNAH,17-03-1900,Asia
11089,ANGELA,28-03-1900,North America
11090,ALYSSA,14-02-1900,Europe
11091,LUCAS,06-03-1900,Asia
11092,EMILY,06-03-1900,North America
11093,RYAN,23-01-1900,Europe
11094,TAMARA,24-01-1900,Asia
11095,ABIGAIL,25-02-1900,North America
11096,TREVOR,28-03-1900,Europe
11097,DALTON,02-02-1900,Asia
11098,CHERYL,14-02-1900,North America
11099,AIMEE,22-01-1900,Europe
11100,CEDRIC,23-01-1900,Asia
11101,CHAD,24-01-1900,North America
11102,ANDRES,13-02-1900,Europe
11103,EDWIN,24-02-1900,Asia
11104,MALLORY,06-03-1900,North America
11105,ADAM,25-02-1900,Europe
11106,LATASHA,17-03-1900,Asia
11107,ABBY,23-01-1900,North America
11108,JULIA,17-03-1900,Europe
11109,CASSIE,28-03-1900,Asia
11110,EDGAR,14-02-1900,North America
11111,CANDACE,06-03-1900,Europe
11112,JESSIE,06-03-1900,Asia
11113,BIANCA,17-03-1900,North America
11114,KARI,28-03-1900,Europe
11115,RUBEN,14-02-1900,Asia
11116,CURTIS,06-03-1900,North America
11117,MEREDITH,06-03-1900,Europe
11118,CRYSTAL,23-01-1900,Asia
11119,MICHEAL,24-01-1900,North America
11121,LESLIE,25-02-1900,Europe
11122,ALVIN,28-03-1900,Asia
11123,CLINTON,02-02-1900,North America
11124,APRIL,14-02-1900,Europe
11125,ALVIN,22-01-1900,Asia
11126,EVAN,23-01-1900,North America
11127,ORLANDO,24-01-1900,Europe
11128,BYRON,13-02-1900,Asia
11129,PHILIP,24-02-1900,North America
11130,ROSS,06-03-1900,Europe
11131,DANA,25-02-1900,Asia
11132,SHAUN,17-03-1900,North America
11133,JAN,23-01-1900,Europe
11134,SAMANTHA,17-03-1900,Asia
11135,JULIA,28-03-1900,North America
11136,CAROLINE,14-02-1900,Europe
11137,AMANDA,06-03-1900,Asia
11138,MELISSA,06-03-1900,North America
11139,ANGELA,17-03-1900,Europe
11140,LARRY,28-03-1900,Asia
11141,MARCUS,14-02-1900,North America
11142,BRIANNA,06-03-1900,Europe
11143,JASMINE,06-03-1900,Asia
11144,LAUREN,23-01-1900,North America
11145,TANYA,24-01-1900,Europe
11146,JAVIER,25-02-1900,Asia
11147,NICOLE,28-03-1900,North America
11148,EDUARDO,02-02-1900,Europe
11149,JONATHAN,14-02-1900,Asia
11150,EDWARD,22-01-1900,North America
11151,JASMINE,23-01-1900,Europe
11152,KARLA,24-01-1900,Asia
11153,ERNEST,13-02-1900,North America
11154,ROSS,24-02-1900,Europe
11155,THEODORE,06-03-1900,Asia
11156,RUSSELL,25-02-1900,North America
11157,MELINDA,17-03-1900,Europe
11158,JAMES,23-01-1900,Asia
11159,ANGELA,17-03-1900,North America
11160,MEGAN,28-03-1900,Europe
11161,HUNTER,14-02-1900,Asia
11162,MARIA,06-03-1900,North America
11163,HANNAH,06-03-1900,Europe
11164,JASON,17-03-1900,Asia
11165,BRIANNA,28-03-1900,North America
11166,MAURICE,14-02-1900,Europe
11167,EMILY,06-03-1900,Asia
11168,CHASE,06-03-1900,North America
11169,GABRIEL,23-01-1900,Europe
11170,DEVIN,24-01-1900,Asia
11171,JOCELYN,25-02-1900,North America
11172,ASHLEY,28-03-1900,Europe
11173,JASMINE,02-02-1900,Asia
11174,DAVID,14-02-1900,North America
11175,BRYCE,22-01-1900,Europe
11176,CAROL,23-01-1900,Asia
11177,JONATHAN,24-01-1900,North America
11178,GABRIELLE,13-02-1900,Europe
11179,SARAH,24-02-1900,Asia
11180,NICHOLAS,06-03-1900,North America
11181,LUIS,25-02-1900,Europe
11182,MASON,17-03-1900,Asia
11183,JOSE,23-01-1900,North America
11184,NATHAN,17-03-1900,Europe
11185,MOLLY,28-03-1900,Asia
11186,APRIL,14-02-1900,North America
11187,DEVIN,06-03-1900,Europe
11188,STEPHANIE,06-03-1900,Asia
11190,JASMINE,17-03-1900,North America
11191,MEGHAN,28-03-1900,Europe
11192,ASHLEY,14-02-1900,Asia
11193,SARAH,06-03-1900,North America
11194,JENNIFER,06-03-1900,Europe
11195,CATHERINE,23-01-1900,Asia
11196,CARSON,24-01-1900,North America
11197,KRISTI,25-02-1900,Europe
11198,JAMES,28-03-1900,Asia
11199,IAN,02-02-1900,North America
11200,JACQUELINE,14-02-1900,Europe
11201,MEGAN,22-01-1900,Asia
11202,ALFREDO,23-01-1900,North America
11203,ANDREA,24-01-1900,Europe
11205,BROOKE,13-02-1900,Asia
11206,JACQUELINE,24-02-1900,North America
11207,JASON,06-03-1900,Europe
11208,AMANDA,25-02-1900,Asia
11209,ALEXIA,17-03-1900,North America
11210,LUIS,23-01-1900,Europe
11211,ABBY,17-03-1900,Asia
11212,BLAKE,28-03-1900,North America
11213,DANIELLE,14-02-1900,Europe
11214,MARIA,06-03-1900,Asia
11215,ALLISON,06-03-1900,North America
11216,EDWARD,17-03-1900,Europe
11217,SAMANTHA,28-03-1900,Asia
11218,CHLOE,14-02-1900,North America
11219,STEPHANIE,06-03-1900,Europe
11220,CHARLES,06-03-1900,Asia
11221,ANA,23-01-1900,North America
11222,JASMINE,24-01-1900,Europe
11223,NATALIE,25-02-1900,Asia
11224,OLIVIA,28-03-1900,North America
11226,CHARLES,02-02-1900,Europe
11227,ERICA,14-02-1900,Asia
11228,NATHAN,22-01-1900,North America
11229,ALEXANDRA,23-01-1900,Europe
11230,HAILEY,24-01-1900,Asia
11231,TIFFANY,13-02-1900,North America
11232,SYDNEY,24-02-1900,Europe
11233,MARSHALL,06-03-1900,Asia
11234,ASHLEY,25-02-1900,North America
11235,ADRIAN,17-03-1900,Europe
11236,AMBER,23-01-1900,Asia
11237,DENNIS,17-03-1900,North America
11238,HAILEY,28-03-1900,Europe
11239,TODD,14-02-1900,Asia
11240,ANNA,06-03-1900,North America
11241,ANGEL,06-03-1900,Europe
11242,JEREMY,17-03-1900,Asia
11243,CLARENCE,28-03-1900,North America
11244,MAYRA,14-02-1900,Europe
11245,LATOYA,06-03-1900,Asia
11247,ANNE,06-03-1900,North America
11248,LISA,23-01-1900,Europe
11249,LARRY,24-01-1900,Asia
11250,ROBIN,25-02-1900,North America
11251,ALEXIS,28-03-1900,Europe
11252,RICKY,02-02-1900,Asia
11253,CLAUDIA,14-02-1900,North America
11254,TRISTAN,22-01-1900,Europe
11255,CINDY,23-01-1900,Asia
11256,SHANNON,24-01-1900,North America
11257,XAVIER,13-02-1900,Europe
11258,NICHOLAS,24-02-1900,Asia
11259,JOSE,06-03-1900,North America
11260,JOHNATHAN,25-02-1900,Europe
11261,COLIN,17-03-1900,Asia
11262,KATELYN,23-01-1900,North America
11263,JACQUELINE,17-03-1900,Europe
11264,XAVIER,28-03-1900,Asia
11265,VICTORIA,14-02-1900,North America
11266,KATELYN,06-03-1900,Europe
11267,STEPHANIE,06-03-1900,Asia
11268,JENNIFER,17-03-1900,North America
11269,TRINITY,28-03-1900,Europe
11270,EDUARDO,14-02-1900,Asia
11271,ELIZABETH,06-03-1900,North America
11272,TAYLOR,06-03-1900,Europe
11273,DAVID,23-01-1900,Asia
11274,KATELYN,24-01-1900,North America
11275,RYAN,25-02-1900,Europe
11276,ROBERT,28-03-1900,Asia
11277,DANIELLE,02-02-1900,North America
11278,LAUREN,14-02-1900,Europe
11279,NATHAN,22-01-1900,Asia
11280,KYLE,23-01-1900,North America
11281,JENNY,24-01-1900,Europe
11282,NANCY,13-02-1900,Asia
11283,CHARLES,24-02-1900,North America
11284,JONATHAN,06-03-1900,Europe
11285,AMANDA,25-02-1900,Asia
11286,ROBERT,17-03-1900,North America
11287,MEGAN,23-01-1900,Europe
11288,CHRISTIAN,17-03-1900,Asia
11289,ARTURO,28-03-1900,North America
11290,THERESA,14-02-1900,Europe
11291,JEREMY,06-03-1900,Asia
11292,HUNTER,06-03-1900,North America
11293,HENRY,17-03-1900,Europe
11294,CINDY,28-03-1900,Asia
11295,MARIA,14-02-1900,North America
11296,KATELYN,06-03-1900,Europe
11297,JENNA,06-03-1900,Asia
11298,SETH,23-01-1900,North America
11299,LUKE,24-01-1900,Europe
11300,DALTON,25-02-1900,Asia
11301,TAYLOR,28-03-1900,North America
11302,HALEY,02-02-1900,Europe
11303,NOAH,14-02-1900,Asia
11304,JON,22-01-1900,North America
11305,ORLANDO,23-01-1900,Europe
11306,FERNANDO,24-01-1900,Asia
11307,CAMERON,13-02-1900,North America
11308,SPENCER,24-02-1900,Europe
11309,JULIA,06-03-1900,Asia
11310,JULIA,25-02-1900,North America
11311,SEAN,17-03-1900,Europe
11312,MICAH,23-01-1900,Asia
11313,HUNTER,17-03-1900,North America
11315,IAN,28-03-1900,Europe
11316,VICTORIA,14-02-1900,Asia
11317,ERIN,06-03-1900,North America
11318,GABRIELLE,06-03-1900,Europe
11319,SARA,17-03-1900,Asia
11320,TREVOR,28-03-1900,North America
11321,HAILEY,14-02-1900,Europe
11322,LUKE,06-03-1900,Asia
11323,VICTORIA,06-03-1900,North America
11324,JESSICA,23-01-1900,Europe
11325,JADE,24-01-1900,Asia
11326,MORGAN,25-02-1900,North America
11327,TERRANCE,28-03-1900,Europe
11328,SYDNEY,02-02-1900,Asia
11329,JOSE,14-02-1900,North America
11330,ZACHARY,22-01-1900,Europe
11331,ELIJAH,23-01-1900,Asia
11332,RAFAEL,24-01-1900,North America
11333,JAIME,13-02-1900,Europe
11334,JULIAN,24-02-1900,Asia
11335,ANDY,06-03-1900,North America
11336,RYAN,25-02-1900,Europe
11337,SAMANTHA,17-03-1900,Asia
11338,DEANNA,23-01-1900,North America
11339,EMILY,17-03-1900,Europe
11340,NICOLE,28-03-1900,Asia
11341,CARLA,14-02-1900,North America
11342,SHAUN,06-03-1900,Europe
11343,JEROME,06-03-1900,Asia
11344,FRANK,17-03-1900,North America
11345,DENNIS,28-03-1900,Europe
11346,MELODY,14-02-1900,Asia
11347,RANDY,06-03-1900,North America
11348,MARSHALL,06-03-1900,Europe
11349,ARTHUR,23-01-1900,Asia
11350,JESSIE,24-01-1900,North America
11351,ROBIN,25-02-1900,Europe
11352,DEANNA,28-03-1900,Asia
11353,ROY,02-02-1900,North America
11354,SHAWN,14-02-1900,Europe
11355,MINDY,22-01-1900,Asia
11356,CARA,23-01-1900,North America
11357,ANNE,24-01-1900,Europe
11358,RAYMOND,13-02-1900,Asia
11359,CARRIE,24-02-1900,North America
11360,DEANNA,06-03-1900,Europe
11361,ROBERTO,25-02-1900,Asia
11362,TERRENCE,17-03-1900,North America
11363,RAMON,23-01-1900,Europe
11365,CYNTHIA,17-03-1900,Asia
11366,JARROD,28-03-1900,North America
11367,TYRONE,14-02-1900,Europe
11368,CINDY,06-03-1900,Asia
11369,DAMIEN,06-03-1900,North America
11370,JULIAN,17-03-1900,Europe
11371,BRITTNEY,28-03-1900,Asia
11372,VIRGINIA,14-02-1900,North America
11373,CALVIN,06-03-1900,Europe
11374,EDWARD,06-03-1900,Asia
11375,ASHLEE,23-01-1900,North America
11376,ALICIA,24-01-1900,Europe
11377,LACEY,25-02-1900,Asia
11378,WENDY,28-03-1900,North America
11379,CARLY,02-02-1900,Europe
11380,JIMMY,14-02-1900,Asia
11381,FRANCISCO,22-01-1900,North America
11382,LANCE,23-01-1900,Europe
11384,DAVID,24-01-1900,Asia
11385,SHANNON,13-02-1900,North America
11387,GARY,24-02-1900,Europe
11388,MITCHELL,06-03-1900,Asia
11389,MEREDITH,25-02-1900,North America
11390,EDWARD,17-03-1900,Europe
11391,TIFFANY,23-01-1900,Asia
11392,MIGUEL,17-03-1900,North America
11393,MEGAN,28-03-1900,Europe
11394,JOSEPH,14-02-1900,Asia
11395,KARL,06-03-1900,North America
11396,CHRISTINE,06-03-1900,Europe
11397,LINDSAY,17-03-1900,Asia
11398,WILLIE,28-03-1900,North America
11399,KURT,14-02-1900,Europe
11400,GEORGE,06-03-1900,Asia
11401,BETH,06-03-1900,North America
11402,IAN,23-01-1900,Europe
11403,LATOYA,24-01-1900,Asia
11404,COLIN,25-02-1900,North America
11405,BRENDA,28-03-1900,Europe
11406,FRANKLIN,02-02-1900,Asia
11407,LINDA,14-02-1900,North America
11408,KELLI,22-01-1900,Europe
11409,NANCY,23-01-1900,Asia
11410,MEGAN,24-01-1900,North America
11411,BONNIE,13-02-1900,Europe
11412,LATOYA,24-02-1900,Asia
11413,MARIO,06-03-1900,North America
11414,DARREN,25-02-1900,Europe
11415,JACQUELINE,17-03-1900,Asia
11416,MAURICE,23-01-1900,North America
11417,DEVIN,17-03-1900,Europe
11418,SYDNEY,28-03-1900,Asia
11419,MEGAN,14-02-1900,North America
11420,IAN,06-03-1900,Europe
11421,RANDY,06-03-1900,Asia
11422,KATRINA,17-03-1900,North America
11423,LACEY,28-03-1900,Europe
11424,RAFAEL,14-02-1900,Asia
11425,KYLE,06-03-1900,North America
11426,JORDAN,06-03-1900,Europe
11427,AMY,23-01-1900,Asia
11428,DUSTIN,24-01-1900,North America
11429,JASMINE,25-02-1900,Europe
11430,PAMELA,28-03-1900,Asia
11431,ARIANA,02-02-1900,North America
11432,KRISTOPHER,14-02-1900,Europe
11433,DESIREE,22-01-1900,Asia
11434,DEANNA,23-01-1900,North America
11435,MARCO,24-01-1900,Europe
11436,CASEY,13-02-1900,Asia
11437,BRYANT,24-02-1900,North America
11438,DOMINIQUE,06-03-1900,Europe
11439,MAURICE,25-02-1900,Asia
11440,ANDRE,17-03-1900,North America
11441,ROBIN,23-01-1900,Europe
11442,TAYLOR,17-03-1900,Asia
11443,ALFREDO,28-03-1900,North America
11444,JENNY,14-02-1900,Europe
11445,JANET,06-03-1900,Asia
11446,SERGIO,06-03-1900,North America
11447,ERIKA,17-03-1900,Europe
11448,JOSEPH,28-03-1900,Asia
11449,GRACE,14-02-1900,North America
11450,TINA,06-03-1900,Europe
11451,KARI,06-03-1900,Asia
11452,BETHANY,23-01-1900,North America
11453,JENNIFER,24-01-1900,Europe
11454,KYLE,25-02-1900,Asia
11455,ALVIN,28-03-1900,North America
11456,BRETT,02-02-1900,Europe
11457,RUBEN,14-02-1900,Asia
11458,ERIKA,22-01-1900,North America
11459,STANLEY,23-01-1900,Europe
11460,MELINDA,24-01-1900,Asia
11461,ROSS,13-02-1900,North America
11462,JON,24-02-1900,Europe
11463,JAIME,06-03-1900,Asia
11464,BIANCA,25-02-1900,North America
11465,TASHA,17-03-1900,Europe
11466,MELVIN,23-01-1900,Asia
11467,VICTOR,17-03-1900,North America
11468,LAURA,28-03-1900,Europe
11469,ALISHA,14-02-1900,Asia
11470,ALEJANDRO,06-03-1900,North America
11471,LOUIS,06-03-1900,Europe
11472,GRANT,17-03-1900,Asia
11473,ARTURO,28-03-1900,North America
11474,JACLYN,14-02-1900,Europe
11475,EDWIN,06-03-1900,Asia
11476,JAY,06-03-1900,North America
11477,LATASHA,23-01-1900,Europe
11478,KENNETH,24-01-1900,Asia
11479,GRACE,25-02-1900,North America
11480,MELVIN,28-03-1900,Europe
11481,CESAR,02-02-1900,Asia
11482,ERIKA,14-02-1900,North America
11483,TRISTAN,22-01-1900,Europe
11484,BILLY,23-01-1900,Asia
11485,DARRYL,24-01-1900,North America
11486,COLLEEN,13-02-1900,Europe
11487,ERICA,24-02-1900,Asia
11488,ADRIENNE,06-03-1900,North America
11489,CALVIN,25-02-1900,Europe
11490,ERICK,17-03-1900,Asia
11491,DONALD,23-01-1900,India
11492,ARIANA,17-03-1900,India
11493,MORGAN,28-03-1900,India
11495,JERMAINE,14-02-1900,India
11496,DEBORAH,06-03-1900,India
11497,DANNY,06-03-1900,India
11499,ANDRE,17-03-1900,India
11500,TERRENCE,28-03-1900,India
11501,DAWN,14-02-1900,India
11502,FRANCIS,06-03-1900,India
11503,GARY,06-03-1900,India
11504,KATRINA,23-01-1900,India
11505,PEDRO,24-01-1900,India
11506,SARAH,25-02-1900,India
11507,BRANDY,28-03-1900,India
11508,JARED,02-02-1900,India
11509,DENNIS,14-02-1900,India
11510,JORDAN,22-01-1900,India
11511,JASMINE,23-01-1900,India
11512,NICHOLAS,24-01-1900,India
11513,ISABELLA,13-02-1900,India
11514,ELIZABETH,24-02-1900,India
11515,ROGER,06-03-1900,India
11516,SETH,25-02-1900,India
11517,CALEB,17-03-1900,India
11518,NATALIE,23-01-1900,India
11520,ALYSSA,17-03-1900,India
11521,DALTON,28-03-1900,India
11522,SHANNON,14-02-1900,India
11523,MYA,06-03-1900,India
11524,KATHERINE,06-03-1900,India
11525,EDWARD,17-03-1900,India
11526,JADA,28-03-1900,India
11527,ARIANA,14-02-1900,India
11528,CHRISTIAN,06-03-1900,India
11529,LUCAS,06-03-1900,India
11530,ALYSSA,23-01-1900,India
11531,ARIANA,24-01-1900,India
11532,KATHERINE,25-02-1900,India
11533,JENNA,28-03-1900,India
11534,JOAN,02-02-1900,India
11535,AUSTIN,14-02-1900,India
11536,ANDREW,22-01-1900,India
11537,NINA,23-01-1900,India
11538,LAUREN,24-01-1900,India
11539,EBONY,13-02-1900,India
11540,CAMERON,24-02-1900,India
11541,DEVIN,06-03-1900,India
11542,LOGAN,25-02-1900,India
11543,DAKOTA,17-03-1900,India
11544,NICOLE,23-01-1900,India
11545,JUSTIN,17-03-1900,India
11546,ALBERTO,28-03-1900,India
11547,AIDAN,14-02-1900,India
11549,ALEJANDRO,06-03-1900,India
11550,SHEENA,06-03-1900,India
11551,JOEL,17-03-1900,India
11552,REGINALD,28-03-1900,India
11553,CHRISTINE,14-02-1900,India
11554,CINDY,06-03-1900,India
11555,CRYSTAL,06-03-1900,India
11556,DEB,23-01-1900,India
11557,SHANNON,24-01-1900,India
11558,EDDIE,25-02-1900,India
11559,SHARON,28-03-1900,India
11560,SYDNEY,02-02-1900,India
11561,ALEXANDRIA,14-02-1900,India
11562,LUCAS,22-01-1900,India
11563,FELICIA,23-01-1900,India
11564,IVAN,24-01-1900,India
11565,FREDERICK,13-02-1900,India
11566,WHITNEY,24-02-1900,India
11567,BRIANA,06-03-1900,India
11568,JARROD,25-02-1900,India
11569,CESAR,17-03-1900,India
11570,JORGE,23-01-1900,India
11571,ERIK,17-03-1900,India
11572,APRIL,28-03-1900,India
11573,CARLA,14-02-1900,India
11574,ALEXIA,06-03-1900,India
11575,TROY,06-03-1900,India
11576,KRISTIN,17-03-1900,India
11577,JOEL,28-03-1900,India
11578,BILLY,14-02-1900,India
11579,MEAGAN,06-03-1900,India
11580,KARLA,06-03-1900,India
11581,JACKSON,23-01-1900,India
11582,MICAH,24-01-1900,India
11583,JANET,25-02-1900,India
11584,TRISHA,28-03-1900,India
11585,CLAYTON,02-02-1900,India
11586,MELVIN,14-02-1900,India
11587,CINDY,22-01-1900,India
11588,CLAUDIA,23-01-1900,India
11589,KARLA,24-01-1900,India
11590,DEVIN,13-02-1900,India
11591,KARI,24-02-1900,India
11592,ALBERTO,06-03-1900,India
11593,KEVIN,25-02-1900,India
11594,CANDACE,17-03-1900,India
11595,EBONY,23-01-1900,India
11596,ERIKA,17-03-1900,India
11597,STACEY,28-03-1900,India
11598,DARRELL,14-02-1900,India
11599,ARMANDO,06-03-1900,India
11600,COREY,06-03-1900,India
11601,SEBASTIAN,17-03-1900,India
11602,ROGER,28-03-1900,India
11603,JANELLE,14-02-1900,India
11604,MEREDITH,06-03-1900,India
11605,MELODY,06-03-1900,India
11606,LINDA,23-01-1900,India
11607,IVAN,24-01-1900,India
11608,LARRY,25-02-1900,India
11609,GEOFFREY,28-03-1900,India
11610,EDGAR,02-02-1900,India
11611,HEIDI,14-02-1900,India
11612,MELODY,22-01-1900,India
11613,CLINTON,23-01-1900,India
11614,CESAR,24-01-1900,India
11615,EUGENE,13-02-1900,India
11616,BLAKE,24-02-1900,India
11617,ERNEST,06-03-1900,India
11618,KEITH,25-02-1900,India
11619,MEREDITH,17-03-1900,India
11620,KATRINA,23-01-1900,India
11621,DWAYNE,17-03-1900,India
11622,CASEY,28-03-1900,India
11623,SEAN,14-02-1900,India
11624,BRIAN,06-03-1900,India
11625,SIERRA,06-03-1900,India
11626,MEGAN,17-03-1900,India
11627,LEAH,28-03-1900,India
11628,GABRIEL,14-02-1900,India
11629,ANGELA,06-03-1900,India
11630,RYAN,06-03-1900,India
11631,ZACHARY,23-01-1900,India
11633,DESTINY,24-01-1900,India
11634,DALTON,25-02-1900,India
11635,MARIAH,28-03-1900,India
11636,ISAIAH,02-02-1900,India
11637,HALEY,14-02-1900,India
11638,ANTONIO,22-01-1900,India
11639,THOMAS,23-01-1900,India
11640,SAMUEL,24-01-1900,India
11641,DARRELL,13-02-1900,India
11642,KIMBERLY,24-02-1900,India
11643,MORGAN,06-03-1900,India
11644,ANTONIO,25-02-1900,India
11645,ANGELICA,17-03-1900,India
11646,CHLOE,23-01-1900,India
11647,JAMES,17-03-1900,India
11648,MORGAN,28-03-1900,India
11649,NAOMI,14-02-1900,India
11650,CHARLES,06-03-1900,India
11651,GABRIELLA,06-03-1900,India
11652,ANNA,17-03-1900,India
11653,RANDY,28-03-1900,India
11654,KEVIN,14-02-1900,India
11655,IAN,06-03-1900,India
11656,CALEB,06-03-1900,India
11657,PATRICIA,23-01-1900,India
11658,SAMUEL,24-01-1900,India
11659,SYDNEY,25-02-1900,India
11660,ARIANA,28-03-1900,India
11661,TAMARA,02-02-1900,India
11662,KATELYN,14-02-1900,India
11663,MEGAN,22-01-1900,India
11664,ROBERT,23-01-1900,India
11665,MIGUEL,24-01-1900,India
11666,MIRANDA,13-02-1900,India
11667,JEREMIAH,24-02-1900,India
11668,ETHAN,06-03-1900,India
11669,SETH,25-02-1900,India
11670,ALYSSA,17-03-1900,Japan
11671,JANET,23-01-1900,Japan
11672,ANGEL,17-03-1900,Japan
11673,BLAKE,28-03-1900,Japan
11674,JADA,14-02-1900,Japan
11675,ISABELLA,06-03-1900,Japan
11676,JACQUELINE,06-03-1900,Japan
11677,JESSICA,17-03-1900,Japan
11678,CHAD,28-03-1900,Japan
11679,SUSAN,14-02-1900,Japan
11680,MORGAN,06-03-1900,Japan
11681,DEVIN,06-03-1900,Japan
11682,ALAN,23-01-1900,Japan
11683,CHARLES,24-01-1900,Japan
11684,JOHNNY,25-02-1900,Japan
11685,DALTON,28-03-1900,Japan
11687,KAYLEE,02-02-1900,Japan
11688,ABIGAIL,14-02-1900,Japan
11689,KAITLYN,22-01-1900,Japan
11690,GREG,23-01-1900,Japan
11691,DEVIN,24-01-1900,Japan
11692,JOSE,13-02-1900,Japan
11693,CODY,24-02-1900,Japan
11694,VICTORIA,06-03-1900,Japan
11695,IAN,25-02-1900,Japan
11696,CAROLINE,17-03-1900,Japan
11697,KAITLYN,23-01-1900,Japan
11698,CALEB,17-03-1900,Japan
11699,HAILEY,28-03-1900,Japan
11700,JONATHON,14-02-1900,Japan
11701,LOGAN,06-03-1900,Japan
11702,MACKENZIE,06-03-1900,Korea
11703,EDUARDO,17-03-1900,Korea
11705,JACKSON,28-03-1900,Korea
11706,CHASE,14-02-1900,Korea
11707,XAVIER,06-03-1900,Korea
11708,DAVID,06-03-1900,Korea
11709,JENNY,23-01-1900,Korea
11710,KAYLEE,24-01-1900,Korea
11711,BROOKE,25-02-1900,Korea
11712,BLAKE,28-03-1900,Korea
11713,NATALIE,02-02-1900,Korea
11714,ELIZABETH,14-02-1900,Korea
11715,HAILEY,22-01-1900,Korea
11716,ZOE,23-01-1900,Korea
11717,DANIEL,24-01-1900,Korea
11718,SHELBY,13-02-1900,Korea
11719,KYLE,24-02-1900,Korea
11720,ALEXANDRIA,06-03-1900,Korea
11721,CHLOE,25-02-1900,Korea
11722,EVAN,17-03-1900,Korea
11723,MARCUS,23-01-1900,Korea
11724,SARAH,17-03-1900,Korea
11725,BLAKE,28-03-1900,Korea
11726,MORGAN,14-02-1900,Korea
11727,JENNIFER,06-03-1900,Korea
11728,JULIAN,06-03-1900,Korea
11729,LUKE,17-03-1900,Korea
11730,JASON,28-03-1900,Korea
11731,JOSE,14-02-1900,Korea
11732,MICAH,06-03-1900,Korea
11733,BENJAMIN,06-03-1900,Korea
11734,LOGAN,23-01-1900,Korea
11735,CALEB,24-01-1900,Korea
11736,EMMA,25-02-1900,Korea
11737,TANYA,28-03-1900,Korea
11738,ERICK,02-02-1900,Korea
11739,KRISTI,14-02-1900,Korea
11740,OMAR,22-01-1900,Korea
11741,SYDNEY,23-01-1900,Korea
11742,SEBASTIAN,24-01-1900,Korea
11743,MEGAN,13-02-1900,Korea
11744,ELIJAH,24-02-1900,Korea
11745,AARON,06-03-1900,Korea
11746,JAN,25-02-1900,Korea
11747,TAMARA,17-03-1900,Korea
11748,EDWARD,23-01-1900,Korea
11749,CHASE,17-03-1900,Korea
11750,STEPHANIE,28-03-1900,Korea
11751,ALLISON,14-02-1900,Korea
11752,SETH,06-03-1900,Korea
11753,DESTINY,06-03-1900,Korea
11754,BLAKE,17-03-1900,Korea
11755,EDUARDO,28-03-1900,Korea
11756,LATOYA,14-02-1900,Korea
11757,VICTORIA,06-03-1900,Korea
11758,LAUREN,06-03-1900,Korea
11759,FELICIA,23-01-1900,Korea
11760,JANET,24-01-1900,Korea
11761,WILLIE,25-02-1900,Korea
11762,LINDA,28-03-1900,Korea
11763,VINCENT,02-02-1900,Korea
11764,COLIN,14-02-1900,Korea
11765,DAWN,22-01-1900,Korea
11766,MELODY,23-01-1900,Korea
11767,EDGAR,24-01-1900,Korea
11768,RANDALL,13-02-1900,Korea
11769,ROSS,24-02-1900,Korea
11770,JESSIE,06-03-1900,Korea
11771,MARC,25-02-1900,Korea
11772,CANDACE,17-03-1900,Korea
11773,MEAGAN,23-01-1900,Korea
11774,CLAYTON,17-03-1900,Korea
11775,HALEY,28-03-1900,Korea
11776,PETER,14-02-1900,Korea
11777,ISAAC,06-03-1900,Korea
11778,CAMERON,06-03-1900,Korea
11779,GAVIN,17-03-1900,Korea
11780,EMMA,28-03-1900,Korea
11781,SIERRA,14-02-1900,Korea
11782,SETH,06-03-1900,Korea
11783,MIRANDA,06-03-1900,Korea
11784,HALEY,23-01-1900,Korea
11785,SARAH,24-01-1900,Korea
11786,JESSICA,25-02-1900,Korea
11787,CARLOS,28-03-1900,Korea
11788,BARBARA,02-02-1900,Korea
11789,SARA,14-02-1900,Korea
11790,JOSE,22-01-1900,Korea
11791,THEODORE,23-01-1900,Korea
11792,IAN,24-01-1900,Korea
11793,JERRY,13-02-1900,Korea
11794,DESTINY,24-02-1900,Korea
11795,BAILEY,06-03-1900,Korea
11796,TIMOTHY,25-02-1900,Korea
11797,CHASE,17-03-1900,Korea
11798,ALEXIA,23-01-1900,Korea
11799,XAVIER,17-03-1900,Korea
11800,LAUREN,28-03-1900,Korea
11801,NICOLE,14-02-1900,Korea
11802,ISABEL,06-03-1900,Korea
11803,DEVIN,06-03-1900,Korea
11804,BRENDAN,17-03-1900,Korea
11805,JESSIE,28-03-1900,Korea
11806,JENNIFER,14-02-1900,Korea
11807,AARON,06-03-1900,Korea
11808,MADISON,06-03-1900,Korea
11809,JAN,23-01-1900,Korea
11810,HALEY,24-01-1900,Korea
11811,RICHARD,25-02-1900,Korea
11812,JENNIFER,28-03-1900,Korea
11813,LUCAS,02-02-1900,Korea
11814,JAMES,14-02-1900,Korea
11815,JUAN,22-01-1900,Korea
11816,ANTONIO,23-01-1900,Korea
11817,ABIGAIL,24-01-1900,Korea
11818,ANDREW,13-02-1900,Korea
11819,MARY,24-02-1900,Korea
11820,DALTON,06-03-1900,Korea
11821,HANNAH,25-02-1900,Korea
11822,JOE,17-03-1900,Korea
11823,MORGAN,23-01-1900,Korea
11824,DANIEL,17-03-1900,Korea
11825,JOSE,28-03-1900,Korea
11826,KATELYN,14-02-1900,Korea
11827,AUSTIN,06-03-1900,Korea
11828,ROHINTON,06-03-1900,Korea
11829,MORGAN,17-03-1900,Korea
11830,JILL,28-03-1900,Korea
11831,AIMEE,14-02-1900,Korea
11832,JESSIE,06-03-1900,Korea
11833,SARA,06-03-1900,Korea
11834,KATHERINE,23-01-1900,North America
11835,SOPHIA,24-01-1900,Europe
11836,TAYLOR,25-02-1900,Asia
11837,CHRISTIAN,28-03-1900,North America
11838,ZOE,02-02-1900,Europe
11839,OSCAR,14-02-1900,Asia
11840,FERNANDO,22-01-1900,North America
11841,ELIJAH,23-01-1900,Europe
11842,GARRETT,24-01-1900,Asia
11843,HALEY,13-02-1900,North America
11844,JUSTIN,24-02-1900,Europe
11845,TYLER,06-03-1900,Asia
11846,JULIAN,25-02-1900,North America
11847,SEAN,17-03-1900,Europe
11848,JUSTIN,23-01-1900,Asia
11849,CHRISTY,17-03-1900,North America
11850,MICHELE,28-03-1900,Europe
11851,NATALIE,14-02-1900,Asia
11852,SAVANNAH,06-03-1900,North America
11853,CASSIDY,06-03-1900,Europe
11854,JOSHUA,17-03-1900,Asia
11855,FAITH,28-03-1900,North America
11856,BROOKE,14-02-1900,Europe
11857,JADA,06-03-1900,Asia
11858,KYLE,06-03-1900,North America
11860,GRACE,23-01-1900,Europe
11861,JASON,24-01-1900,Asia
11862,CHRISTIAN,25-02-1900,North America
11863,SETH,28-03-1900,Europe
11864,ISABELLA,02-02-1900,Asia
11865,JORDAN,14-02-1900,North America
11866,NICOLE,22-01-1900,Europe
11867,KATHERINE,23-01-1900,Asia
11868,OLIVIA,24-01-1900,North America
11869,JESSICA,13-02-1900,Europe
11870,ELIZABETH,24-02-1900,Asia
11871,CHLOE,06-03-1900,North America
11872,LUCAS,25-02-1900,Europe
11873,NATHANIEL,17-03-1900,Asia
11874,JESSICA,23-01-1900,North America
11875,KAITLYN,17-03-1900,Europe
11876,JILLIAN,28-03-1900,Asia
11877,DALTON,14-02-1900,North America
11878,FAITH,06-03-1900,Europe
11879,RYAN,06-03-1900,Asia
11880,ADRIAN,17-03-1900,North America
11881,JONATHAN,28-03-1900,Europe
11882,MADISON,14-02-1900,Asia
11883,ALEXIS,06-03-1900,North America
11884,CHRISTINE,06-03-1900,Europe
11885,EDGAR,23-01-1900,Asia
11886,MELISSA,24-01-1900,North America
11887,RICHARD,25-02-1900,Europe
11888,PATRICK,28-03-1900,Asia
11889,HANNAH,02-02-1900,North America
11890,LATOYA,14-02-1900,Europe
11891,KURT,22-01-1900,Asia
11892,KATELYN,23-01-1900,North America
11893,JOSEPH,24-01-1900,Europe
11894,AARON,13-02-1900,Asia
11895,BLAKE,24-02-1900,North America
11896,WHITNEY,06-03-1900,Europe
11897,JAMIE,25-02-1900,Asia
11898,JULIO,17-03-1900,North America
11899,ORLANDO,23-01-1900,Europe
11900,ANN,17-03-1900,Asia
11901,DUSTIN,28-03-1900,North America
11902,FRANK,14-02-1900,Europe
11903,ORLANDO,06-03-1900,Asia
11904,ANGELA,06-03-1900,North America
11905,BRENDA,17-03-1900,Europe
11906,BYRON,28-03-1900,Asia
11907,STACY,14-02-1900,North America
11908,DREW,06-03-1900,Europe
11909,KATE,06-03-1900,Asia
11910,KAYLEE,23-01-1900,North America
11911,ISAIAH,24-01-1900,Europe
11912,GABRIELLA,25-02-1900,Asia
11913,SARAH,28-03-1900,North America
11914,RAFAEL,02-02-1900,Europe
11915,NICHOLE,14-02-1900,Asia
11916,JACLYN,22-01-1900,North America
11917,RACHAEL,23-01-1900,Europe
11918,RACHAEL,24-01-1900,Asia
11919,REBECCA,13-02-1900,North America
11920,MEAGAN,24-02-1900,Europe
11921,PHILIP,06-03-1900,Asia
11922,JOE,25-02-1900,North America
11923,ROY,17-03-1900,Europe
11924,KAYLEE,23-01-1900,Asia
11925,WARREN,17-03-1900,North America
11926,ADRIENNE,28-03-1900,Europe
11927,GILBERT,14-02-1900,Asia
11929,JAMES,06-03-1900,North America
11930,SARAH,06-03-1900,Europe
11931,IAN,17-03-1900,Asia
11932,ASHLEE,28-03-1900,North America
11933,EDUARDO,14-02-1900,Europe
11934,NICOLE,06-03-1900,Asia
11935,VIRGINIA,06-03-1900,North America
11936,JACLYN,23-01-1900,Europe
11937,MARCUS,24-01-1900,Asia
11938,ELIZABETH,25-02-1900,North America
11939,MATHEW,28-03-1900,Europe
11940,JUSTIN,02-02-1900,Asia
11941,JESSICA,14-02-1900,North America
11942,HUNTER,22-01-1900,Europe
11943,DEVIN,23-01-1900,Asia
11944,SETH,24-01-1900,North America
11945,KEVIN,13-02-1900,Europe
11946,TYLER,24-02-1900,Asia
11947,ADAM,06-03-1900,North America
11948,GEORGE,25-02-1900,Europe
11949,DAWN,17-03-1900,Asia
11950,RACHAEL,23-01-1900,North America
11951,DENNIS,17-03-1900,Europe
11952,BRANDY,28-03-1900,Asia
11953,JENNY,14-02-1900,North America
11954,TASHA,06-03-1900,Europe
11955,JULIA,06-03-1900,Asia
11956,JORDAN,17-03-1900,North America
11957,LACEY,28-03-1900,Europe
11958,DOROTHY,14-02-1900,Asia
11959,COURTNEY,06-03-1900,North America
11960,JOSEPH,06-03-1900,Europe
11961,GABRIEL,23-01-1900,Asia
11962,ALEXANDRIA,24-01-1900,North America
11964,COURTNEY,25-02-1900,Europe
11965,DYLAN,28-03-1900,Asia
11966,ELIZABETH,02-02-1900,North America
11967,ANA,14-02-1900,Europe
11968,ANNE,22-01-1900,Asia
11969,ALEXANDRA,23-01-1900,North America
11970,SHARON,24-01-1900,Europe
11971,KATIE,13-02-1900,Asia
11972,RAFAEL,24-02-1900,North America
11973,LATASHA,06-03-1900,Europe
11974,KELSEY,25-02-1900,Asia
11975,RANDY,17-03-1900,North America
11976,BAILEY,23-01-1900,Europe
11977,AMANDA,17-03-1900,Asia
11978,KATHERINE,28-03-1900,North America
11979,CAROLINE,14-02-1900,Europe
11980,RANDY,06-03-1900,Asia
11981,DESTINY,06-03-1900,North America
11982,AUDREY,17-03-1900,Europe
11983,BONNIE,28-03-1900,Asia
11984,JACKSON,14-02-1900,North America
11985,CHRISTOPHER,06-03-1900,Europe
11986,KIMBERLY,06-03-1900,Asia
11987,ALEXANDRIA,23-01-1900,North America
11988,ALEXANDRA,24-01-1900,Europe
11989,CHERYL,25-02-1900,Asia
11990,ALEX,28-03-1900,North America
11991,MELANIE,02-02-1900,Europe
11992,MAX,14-02-1900,Asia
11993,DIANE,22-01-1900,North America
11994,KATHRYN,23-01-1900,Europe
11995,KARA,24-01-1900,Asia
11996,JOANNA,13-02-1900,North America
11997,FREDERICK,24-02-1900,Europe
11998,TONYA,06-03-1900,Asia
11999,ROSA,25-02-1900,North America
12000,LEAH,17-03-1900,Europe
12001,KELVIN,23-01-1900,Asia
12002,VERONICA,17-03-1900,North America
12003,KRISTINA,28-03-1900,Europe
12004,DONNA,14-02-1900,Asia
12005,JOHNNY,06-03-1900,North America
12006,ASHLEY,06-03-1900,Europe
12007,SHANNON,17-03-1900,Asia
12008,ADRIANA,28-03-1900,North America
12009,AUDREY,14-02-1900,Europe
12010,JARROD,06-03-1900,Asia
12011,GILBERT,06-03-1900,North America
12012,RICHARD,23-01-1900,Europe
12013,SHANNON,24-01-1900,Asia
12014,SHARON,25-02-1900,North America
12015,ANN,28-03-1900,Europe
12016,MAX,02-02-1900,Asia
12017,MORGAN,14-02-1900,North America
12018,MONICA,22-01-1900,Europe
12019,KAYLA,23-01-1900,Asia
12020,DEVIN,24-01-1900,North America
12021,JACOB,13-02-1900,Europe
12022,MEREDITH,24-02-1900,Asia
12023,DAVID,06-03-1900,North America
12024,DEVIN,25-02-1900,Europe
12025,GABRIELLE,17-03-1900,Asia
12026,OLIVIA,23-01-1900,North America
12027,DEBORAH,17-03-1900,Europe
12028,JOSE,28-03-1900,Asia
12029,FERNANDO,14-02-1900,North America
12030,SAMUEL,06-03-1900,Europe
12031,LOGAN,06-03-1900,Asia
12032,LUCAS,17-03-1900,North America
12033,HALEY,28-03-1900,Europe
12034,SARAH,14-02-1900,Asia
12035,DAMIEN,06-03-1900,North America
12036,ANA,06-03-1900,Europe
12037,LOGAN,23-01-1900,Asia
12038,TYLER,24-01-1900,North America
12039,KRISTEN,25-02-1900,Europe
12040,JULIAN,28-03-1900,Asia
12041,GERALD,02-02-1900,North America
12042,SUMMER,14-02-1900,Europe
12043,PATRICIA,22-01-1900,Asia
12044,GEORGE,23-01-1900,North America
12045,RICARDO,24-01-1900,Europe
12046,RICHARD,13-02-1900,Asia
12047,SETH,24-02-1900,North America
12048,ALEX,06-03-1900,Europe
12049,CARSON,25-02-1900,Asia
12050,MADELINE,17-03-1900,North America
12051,LUIS,23-01-1900,Europe
12052,ALEXA,17-03-1900,Asia
12053,ALEXANDRA,28-03-1900,North America
12054,KAYLA,14-02-1900,Europe
12055,ANGELA,06-03-1900,Asia
12056,AARON,06-03-1900,North America
12057,ISAIAH,17-03-1900,Europe
12058,MAKAYLA,28-03-1900,Asia
12059,CEDRIC,14-02-1900,North America
12060,LUKE,06-03-1900,Europe
12061,ARIANNA,06-03-1900,Asia
12062,IAN,23-01-1900,North America
12063,MADELINE,24-01-1900,Europe
12064,CHLOE,25-02-1900,Asia
12065,JASON,28-03-1900,North America
12066,ANDREW,02-02-1900,Europe
12067,BRYCE,14-02-1900,Asia
12068,EDWARD,22-01-1900,North America
12069,XAVIER,23-01-1900,Europe
12070,JOHN,24-01-1900,Asia
12071,ISAIAH,13-02-1900,North America
12072,WYATT,24-02-1900,Europe
12073,AARON,06-03-1900,Asia
12074,MARIA,25-02-1900,North America
12075,GARRETT,17-03-1900,Europe
12076,LUKE,23-01-1900,Asia
12077,ROBERT,17-03-1900,North America
12078,TRISTAN,28-03-1900,Europe
12079,THOMAS,14-02-1900,Asia
12080,MEGAN,06-03-1900,North America
12081,CAMERON,06-03-1900,Europe
12082,CHLOE,17-03-1900,Asia
12083,NICOLE,28-03-1900,North America
12084,JOSE,14-02-1900,Europe
12085,NATHANIEL,06-03-1900,Asia
12086,GRACE,06-03-1900,North America
12087,KAITLYN,23-01-1900,Europe
12088,LAUREN,24-01-1900,Asia
12089,KAYLA,25-02-1900,North America
12090,AIDAN,28-03-1900,Europe
12091,TYLER,02-02-1900,Asia
12092,EMILY,14-02-1900,North America
12093,SEAN,22-01-1900,Europe
12094,LAUREN,23-01-1900,Asia
12095,NATHANIEL,24-01-1900,North America
12096,SAVANNAH,13-02-1900,Europe
12097,EDDIE,24-02-1900,Asia
12098,AUSTIN,06-03-1900,North America
12099,LEVI,25-02-1900,Europe
12100,BAILEY,17-03-1900,Asia
12101,AUSTIN,23-01-1900,North America
12102,CAITLIN,17-03-1900,Europe
12103,SEAN,28-03-1900,Asia
12104,GRACE,14-02-1900,North America
12105,SYDNEY,06-03-1900,Europe
12106,JON,06-03-1900,Asia
12107,LOGAN,17-03-1900,North America
12108,DEVIN,28-03-1900,Europe
12109,CHLOE,14-02-1900,Asia
12110,MARIAH,06-03-1900,North America
12111,ABIGAIL,06-03-1900,Europe
12112,ISAIAH,23-01-1900,Asia
12113,NATHAN,24-01-1900,North America
12114,JAMES,25-02-1900,Europe
12115,MORGAN,28-03-1900,Asia
12116,BIANCA,02-02-1900,North America
12117,JACQUELINE,14-02-1900,Europe
12118,ARIANNA,22-01-1900,Asia
12119,NATHAN,23-01-1900,North America
12120,CHARLES,24-01-1900,Europe
12121,CHLOE,13-02-1900,Asia
12122,AMANDA,24-02-1900,North America
12123,CAMERON,06-03-1900,Europe
12124,MIGUEL,25-02-1900,Asia
12125,KEITH,17-03-1900,North America
12126,XAVIER,23-01-1900,Europe
12127,LOGAN,17-03-1900,Asia
12128,DESTINY,28-03-1900,North America
12129,WESLEY,14-02-1900,Europe
12130,BRANDI,06-03-1900,Asia
12131,DIANA,06-03-1900,North America
12132,TAMMY,17-03-1900,Europe
12133,GRACE,28-03-1900,Asia
12134,KRISTY,14-02-1900,North America
12135,WENDY,06-03-1900,Europe
12136,SUZANNE,06-03-1900,Asia
12137,RANDALL,23-01-1900,North America
12138,KAITLYN,24-01-1900,Europe
12139,COLLEEN,25-02-1900,Asia
12140,HECTOR,28-03-1900,North America
12141,FERNANDO,02-02-1900,Europe
12142,BLAKE,14-02-1900,Asia
12143,JACK,22-01-1900,North America
12144,COLIN,23-01-1900,Europe
12145,FRANKLIN,24-01-1900,Asia
12146,OSCAR,13-02-1900,North America
12147,KAITLYN,24-02-1900,Europe
12148,GABRIELLA,06-03-1900,Asia
12149,LOGAN,25-02-1900,North America
12150,KELLY,17-03-1900,Europe
12151,BRANDON,23-01-1900,Asia
12152,XAVIER,17-03-1900,North America
12153,TAYLOR,28-03-1900,Europe
12154,GABRIELLE,14-02-1900,Asia
12155,BAILEY,06-03-1900,North America
12156,LOGAN,06-03-1900,Europe
12157,STEVEN,17-03-1900,Asia
12158,ADRIAN,28-03-1900,North America
12159,KAITLYN,14-02-1900,Europe
12160,HAILEY,06-03-1900,Asia
12161,GABRIELLA,06-03-1900,North America
12162,BONNIE,23-01-1900,Europe
12163,WILLIAM,24-01-1900,Asia
12164,KYLE,25-02-1900,North America
12165,KAITLYN,28-03-1900,Europe
12166,JACLYN,02-02-1900,Asia
12167,ALEXANDRIA,14-02-1900,North America
12168,LUKE,22-01-1900,Europe
12169,AARON,23-01-1900,Asia
12170,NOAH,24-01-1900,North America
12171,CALEB,13-02-1900,Europe
12172,JARED,24-02-1900,Asia
12173,SEBASTIAN,06-03-1900,North America
12174,HUNTER,25-02-1900,Europe
12175,ABIGAIL,17-03-1900,Asia
12176,SARA,23-01-1900,North America
12177,ALYSSA,17-03-1900,Europe
12178,EDUARDO,28-03-1900,Asia
12179,DALTON,14-02-1900,North America
12180,CHARLES,06-03-1900,Europe
12181,LUKE,06-03-1900,Asia
12182,CODY,17-03-1900,North America
12183,KEVIN,28-03-1900,Europe
12184,ETHAN,14-02-1900,Asia
12185,ALEXIS,06-03-1900,North America
12186,HOLLY,06-03-1900,Europe
12187,KATELYN,23-01-1900,Asia
12188,ERIN,24-01-1900,North America
12189,EMILY,25-02-1900,Europe
12190,ISAIAH,28-03-1900,Asia
12191,KAITLYN,02-02-1900,North America
12192,BRYANT,14-02-1900,Europe
12193,RUBEN,22-01-1900,Asia
12194,ASHLEY,23-01-1900,North America
12195,SOPHIA,24-01-1900,Europe
12196,JUSTIN,13-02-1900,Asia
12197,MELISSA,24-02-1900,North America
12198,JOCELYN,06-03-1900,Europe
12199,CALEB,25-02-1900,Asia
12200,DESTINY,17-03-1900,North America
12201,ERIN,23-01-1900,Europe
12202,ALEXIS,17-03-1900,Asia
12203,ADAM,28-03-1900,North America
12204,NOAH,14-02-1900,Europe
12205,CHRISTINA,06-03-1900,Asia
12206,RAFAEL,06-03-1900,North America
12207,MINDY,17-03-1900,Europe
12208,XAVIER,28-03-1900,Asia
12209,ZACHARY,14-02-1900,North America
12210,BRADLEY,06-03-1900,Europe
12211,MADISON,06-03-1900,Asia
12212,SIERRA,23-01-1900,North America
12213,SAMUEL,24-01-1900,Europe
12214,DOMINIQUE,25-02-1900,Asia
12215,MINDY,28-03-1900,North America
12216,ALAN,02-02-1900,Europe
12217,VICTOR,14-02-1900,Asia
12218,SHAWNA,22-01-1900,North America
12219,ALEJANDRO,23-01-1900,Europe
12220,JULIE,24-01-1900,Asia
12221,KARLA,13-02-1900,North America
12222,GERALD,24-02-1900,Europe
12223,KYLE,06-03-1900,Asia
12224,MITCHELL,25-02-1900,North America
12225,KURT,17-03-1900,Europe
12226,VIRGINIA,23-01-1900,Asia
12227,BRANDI,17-03-1900,North America
12229,JENNY,28-03-1900,Europe
12230,FELICIA,14-02-1900,Asia
12231,TRISTAN,06-03-1900,North America
12232,KATHLEEN,06-03-1900,Europe
12233,FAITH,17-03-1900,Asia
12234,KELSEY,28-03-1900,North America
12235,KARI,14-02-1900,Europe
12236,WESLEY,06-03-1900,Asia
12237,ISABELLE,06-03-1900,North America
12238,SEAN,23-01-1900,Europe
12239,JERRY,24-01-1900,Asia
12240,CLARENCE,25-02-1900,North America
12241,DONNA,28-03-1900,Europe
12242,KENDRA,02-02-1900,Asia
12243,RUTH,14-02-1900,North America
12244,MONICA,22-01-1900,Europe
12245,ALBERTO,23-01-1900,Asia
12246,CLAYTON,24-01-1900,North America
12247,KRISTINE,13-02-1900,Europe
12248,GILBERT,24-02-1900,Asia
12249,KRISTY,06-03-1900,North America
12250,AMY,25-02-1900,Europe
12251,FRANCISCO,17-03-1900,Asia
12252,SHAWN,23-01-1900,North America
12253,BRANDY,17-03-1900,Europe
12254,DEVIN,28-03-1900,Asia
12255,JESSIE,14-02-1900,North America
12256,ANDREA,06-03-1900,Europe
12257,TROY,06-03-1900,Asia
12258,OMAR,17-03-1900,North America
12259,JENNY,28-03-1900,Europe
12260,CALVIN,14-02-1900,Asia
12261,ROBYN,06-03-1900,North America
12262,WENDY,06-03-1900,Europe
12263,ROSS,23-01-1900,Asia
12264,JAMIE,24-01-1900,North America
12265,CINDY,25-02-1900,Europe
12266,MELINDA,28-03-1900,Asia
12267,KAITLIN,02-02-1900,North America
12268,MORGAN,14-02-1900,Europe
12269,EMMANUEL,22-01-1900,Asia
12270,BRUCE,23-01-1900,North America
12271,ALAN,24-01-1900,Europe
12272,TIFFANY,13-02-1900,Asia
12273,CLIFFORD,24-02-1900,North America
12274,EDWIN,06-03-1900,Europe
12275,WARREN,25-02-1900,Asia
12276,EBONY,17-03-1900,North America
12277,TYRONE,23-01-1900,Europe
12278,JUSTIN,17-03-1900,Asia
12279,NELSON,28-03-1900,North America
12280,JAVIER,14-02-1900,Europe
12281,ADRIANA,06-03-1900,Asia
12282,ALISHA,06-03-1900,North America
12283,BETH,17-03-1900,Europe
12284,MEREDITH,28-03-1900,Asia
12285,MATHEW,14-02-1900,North America
12286,THERESA,06-03-1900,Europe
12287,JANELLE,06-03-1900,Asia
12288,NICOLAS,23-01-1900,North America
12289,TODD,24-01-1900,Europe
12290,CRISTINA,25-02-1900,Asia
12291,BETHANY,28-03-1900,North America
12292,NATHAN,02-02-1900,Europe
12293,ANDRE,14-02-1900,Asia
12294,SARA,22-01-1900,North America
12295,JOSEPH,23-01-1900,Europe
12296,KAYLEE,24-01-1900,Asia
12297,JOHNATHAN,13-02-1900,North America
12298,NICOLAS,24-02-1900,Europe
12299,TAMMY,06-03-1900,Asia
12300,SHANE,25-02-1900,North America
12301,DWAYNE,17-03-1900,Europe
12302,FRANCISCO,23-01-1900,Asia
12303,FELICIA,17-03-1900,North America
12304,CRYSTAL,28-03-1900,Europe
12305,WALTER,14-02-1900,Asia
12306,ADRIANA,06-03-1900,North America
12307,NICHOLE,06-03-1900,Europe
12308,KEVIN,17-03-1900,Asia
12309,KRISTI,28-03-1900,North America
12310,ALEJANDRO,14-02-1900,Europe
12311,XAVIER,06-03-1900,Asia
12312,LOGAN,06-03-1900,North America
12313,BRAD,23-01-1900,Europe
12314,MARGARET,24-01-1900,Asia
12315,OMAR,25-02-1900,North America
12316,STACY,28-03-1900,Europe
12317,STANLEY,02-02-1900,Asia
12318,JAKE,14-02-1900,China
12319,JAIME,22-01-1900,China
12320,JILL,23-01-1900,China
12321,ANN,24-01-1900,China
12322,ALEJANDRO,13-02-1900,China
12323,CARL,24-02-1900,China
12324,KRISTINA,06-03-1900,China
12325,SHANNON,25-02-1900,China
12326,CHERYL,17-03-1900,China
12327,ROSA,23-01-1900,China
12328,KARI,17-03-1900,China
12329,LAWRENCE,28-03-1900,China
12330,DALE,14-02-1900,China
12331,GLORIA,06-03-1900,China
12332,GLENN,06-03-1900,China
12333,EDWIN,17-03-1900,China
12334,EUGENE,28-03-1900,China
12335,BONNIE,14-02-1900,China
12336,PRESTON,06-03-1900,China
12337,MEAGAN,06-03-1900,China
12338,ANDRES,23-01-1900,China
12339,TERRANCE,24-01-1900,China
12340,ROY,25-02-1900,China
12341,FRANCISCO,28-03-1900,China
12342,WYATT,02-02-1900,China
12343,DUSTIN,14-02-1900,China
12344,MONICA,22-01-1900,China
12345,CLAYTON,23-01-1900,China
12346,STACY,24-01-1900,China
12347,KATIE,13-02-1900,China
12348,MORGAN,24-02-1900,China
12349,GLORIA,06-03-1900,China
12350,DOMINIQUE,25-02-1900,China
12351,ALISON,17-03-1900,China
12352,WESLEY,23-01-1900,China
12353,SUMMER,17-03-1900,China
12354,JIMMY,28-03-1900,China
12355,LACEY,14-02-1900,China
12356,LOGAN,06-03-1900,China
12357,CARA,06-03-1900,China
12358,RAMON,17-03-1900,China
12359,JOE,28-03-1900,China
12361,LANCE,14-02-1900,China
12362,MONIQUE,06-03-1900,China
12363,JULIA,06-03-1900,China
12364,SUSAN,23-01-1900,China
12365,LACEY,24-01-1900,China
12366,VERONICA,25-02-1900,China
12367,DANA,28-03-1900,China
12368,THOMAS,02-02-1900,China
12369,KAYLA,14-02-1900,China
12370,ERIN,22-01-1900,China
12371,ALEX,23-01-1900,China
12372,STEPHANIE,24-01-1900,China
12373,TRINITY,25-01-1900,China
12374,RODNEY,01-03-1900,China
12375,TERRENCE,02-03-1900,China
12376,PRESTON,03-03-1900,China
12377,STEFANIE,04-03-1900,China
12378,DARREN,05-03-1900,China
12379,ISAAC,06-03-1900,China
12380,MARIE,07-03-1900,China
12381,JARROD,08-03-1900,China
12382,HOLLY,09-03-1900,China
12383,CHRISTOPHER,10-03-1900,China
12384,BRIANNA,11-03-1900,China
12385,BRIDGET,12-03-1900,China
12386,OMAR,13-03-1900,China
12387,JOHNNY,14-03-1900,China
12388,TAMARA,01-03-1900,China
12389,ALBERT,02-03-1900,China
12390,JACQUELYN,03-03-1900,China
12391,TARA,04-03-1900,China
12392,KATHERINE,05-03-1900,China
12393,MEREDITH,06-03-1900,China
12394,CASEY,07-03-1900,China
12395,ALBERT,08-03-1900,China
12396,DENISE,09-03-1900,China
12397,OLIVIA,10-03-1900,China
12398,NICHOLE,11-03-1900,China
12399,BRENDA,12-03-1900,China
12400,ERIKA,13-03-1900,China
12401,KYLE,14-03-1900,China
12403,SUSAN,14-02-1900,China
12404,SHAUN,15-02-1900,China
12405,ASHLEY,16-02-1900,China
12406,HENRY,17-02-1900,China
12407,ANDY,18-02-1900,China
12408,KIMBERLY,19-02-1900,China
12409,HENRY,20-02-1900,China
12410,KRYSTAL,21-02-1900,China
12411,COLE,22-02-1900,China
12412,ROSS,23-02-1900,China
12413,SHAWN,24-02-1900,China
12414,JON,25-02-1900,China
12415,SAVANNAH,26-02-1900,China
12416,MARIAH,27-02-1900,China
12417,KEVIN,28-02-1900,China
12418,MACKENZIE,27-02-1900,China
12420,JAMES,01-03-1900,China
12421,ETHAN,02-03-1900,China
12422,BRIANNA,03-03-1900,China
12423,VERONICA,04-03-1900,China
12424,ALEXIS,05-03-1900,China
12425,ROBERT,06-03-1900,China
12426,SPENCER,07-03-1900,China
12427,CAMERON,08-03-1900,China
12428,HAILEY,09-03-1900,China
12429,SARAH,10-03-1900,China
12431,REBECCA,11-03-1900,China
12432,BRANDON,12-03-1900,China
12433,CODY,13-03-1900,China
12434,KIMBERLY,14-03-1900,China
12435,SEAN,15-03-1900,China
12436,MELVIN,16-03-1900,China
12437,WYATT,17-03-1900,China
12438,NATHAN,18-03-1900,China
12439,ANTONIO,19-03-1900,China
12440,THOMAS,20-03-1900,China
12441,CHRISTY,21-03-1900,China
12442,ALBERT,22-03-1900,China
12443,JEREMY,23-03-1900,China
12444,BAILEY,24-03-1900,China
12445,MEGAN,25-03-1900,China
12446,FRANCISCO,26-03-1900,China
12447,TREVOR,27-03-1900,China
12448,ALLISON,28-03-1900,China
12449,GARRETT,29-03-1900,China
12450,MACKENZIE,30-03-1900,China
12451,CAMERON,31-03-1900,China
12452,JASMINE,01-04-1900,China
12453,CARSON,02-04-1900,China
12454,HAILEY,03-04-1900,China
12455,DYLAN,04-04-1900,China
12456,CODY,05-04-1900,China
12457,ANNA,06-04-1900,China
12458,SEAN,07-04-1900,China
12459,MADISON,08-04-1900,China
12460,SAMUEL,09-04-1900,China
12461,BENJAMIN,10-04-1900,China
12462,THOMAS,11-04-1900,China
12463,MISTY,12-04-1900,China
12464,VERONICA,13-04-1900,China
12465,STEFANIE,14-04-1900,China
12466,DOMINIQUE,15-04-1900,China
12467,RUTH,16-04-1900,China
12468,LEVI,17-04-1900,China
12469,TODD,18-04-1900,China
12470,JARED,19-04-1900,China
12471,CASSANDRA,20-04-1900,China
12472,WILLIE,21-04-1900,China
12473,JENNIFER,22-04-1900,China
12474,WAYNE,23-04-1900,China
12475,SHANE,24-04-1900,China
12476,BARBARA,25-04-1900,China
12477,LACEY,26-04-1900,China
12478,JEFFERY,27-04-1900,China
12479,SERGIO,28-04-1900,China
12480,TAMMY,29-04-1900,China
12481,LOGAN,30-04-1900,China
12482,RODNEY,01-05-1900,China
12483,ROBIN,02-05-1900,America
12484,RUBEN,03-05-1900,America
12485,PRISCILLA,04-05-1900,America
12486,MEREDITH,05-05-1900,America
12487,VICTOR,06-05-1900,America
12488,JEROME,07-05-1900,America
12489,AMANDA,08-05-1900,America
12490,LORI,09-05-1900,America
12491,VERONICA,10-05-1900,America
12492,KRISTEN,11-05-1900,America
12493,WILLIE,12-05-1900,America
12495,JAY,13-05-1900,America
12496,WAYNE,14-05-1900,America
12497,TRISHA,15-05-1900,America
12498,ALVIN,16-05-1900,America
12499,BRITTANY,17-05-1900,America
12500,DWAYNE,18-05-1900,America
12501,LUCAS,19-05-1900,America
12502,MELANIE,20-05-1900,America
12503,ASHLEE,21-05-1900,America
12504,EDUARDO,22-05-1900,America
12505,HEATHER,23-05-1900,America
12506,KATHLEEN,24-05-1900,America
12507,CORY,25-05-1900,America
12508,DARREN,26-05-1900,America
12509,CASEY,27-05-1900,America
12510,ARTHUR,28-05-1900,America
12511,DALTON,29-05-1900,America
12512,PRESTON,30-05-1900,America
12513,IAN,31-05-1900,America
12514,NICHOLE,01-06-1900,America
12515,MARC,02-06-1900,America
12516,ROBERTO,03-06-1900,America
12517,GRANT,04-06-1900,America
12518,CAROLYN,05-06-1900,America
12519,AUSTIN,06-06-1900,America
12520,LACEY,07-06-1900,America
12521,SHELBY,08-06-1900,America
12522,SHAWNA,09-06-1900,America
12523,ALEXA,10-06-1900,America
12524,JACQUELYN,11-06-1900,America
12525,CASEY,12-06-1900,America
12526,SETH,13-06-1900,America
12527,MEREDITH,14-06-1900,America
12528,BRANDY,15-06-1900,America
12529,STEVE,16-06-1900,America
12530,KATE,17-06-1900,America
12532,CHELSEA,18-06-1900,America
12533,MICHELE,19-06-1900,America
12534,JOSE,20-06-1900,America
12535,DEVIN,21-06-1900,America
12536,ISAIAH,22-06-1900,America
12537,ISABEL,23-06-1900,America
12538,JOSE,24-06-1900,America
12539,LUIS,25-06-1900,America
12540,KATIE,26-06-1900,America
12541,CLIFFORD,27-06-1900,America
12542,JAVIER,28-06-1900,America
12543,TERRENCE,29-06-1900,America
12544,PAULA,30-06-1900,America
12545,MARC,01-07-1900,America
12546,LEVI,02-07-1900,America
12547,JONATHAN,03-07-1900,America
12548,PRESTON,04-07-1900,America
12549,RUBEN,05-07-1900,America
12550,BRUCE,06-07-1900,America
12551,MARC,07-07-1900,America
12552,CLARENCE,08-07-1900,America
12553,BRADLEY,09-07-1900,America
12554,ALEXANDRA,10-07-1900,America
12555,DONNA,11-07-1900,America
12556,AUSTIN,12-07-1900,America
12557,JULIO,13-07-1900,America
12558,BRUCE,14-07-1900,America
12559,TONI,15-07-1900,America
12560,BARRY,16-07-1900,America
12561,EDGAR,17-07-1900,America
12562,MANUEL,18-07-1900,America
12563,PHILLIP,19-07-1900,America
12564,AMANDA,20-07-1900,America
12565,EMMANUEL,21-07-1900,America
12566,MANDY,22-07-1900,America
12567,TRISHA,23-07-1900,America
12568,KRISTINA,24-07-1900,America
12569,ALEJANDRO,25-07-1900,America
12570,MARSHALL,26-07-1900,America
12571,KENDRA,27-07-1900,America
12572,OMAR,28-07-1900,America
12573,CARMEN,29-07-1900,America
12574,STACEY,30-07-1900,America
12575,KRISTIN,31-07-1900,America
12576,CASEY,01-08-1900,America
12577,JENNIFER,02-08-1900,America
12578,ALISHA,03-08-1900,America
12579,GRANT,04-08-1900,America
12580,DEREK,05-08-1900,America
12581,JACLYN,06-08-1900,America
12582,WALTER,07-08-1900,America
12583,FRANCIS,08-08-1900,America
12584,GAVIN,09-08-1900,America
12585,LYDIA,10-08-1900,America
12586,CEDRIC,11-08-1900,America
12587,KRISTINA,12-08-1900,America
12588,CARMEN,13-08-1900,America
12589,TYRONE,14-08-1900,America
12590,BRITTNEY,15-08-1900,America
12592,IAN,16-08-1900,America
12593,KELLIE,17-08-1900,America
12594,DANNY,18-08-1900,America
12595,TRACY,19-08-1900,America
12596,RUBEN,20-08-1900,America
12597,MARIO,21-08-1900,America
12598,AMY,22-08-1900,America
12599,BENJAMIN,23-08-1900,America
12600,SANDRA,24-08-1900,America
12601,MATHEW,25-08-1900,America
12602,ARMANDO,26-08-1900,America
12603,FRANKLIN,27-08-1900,America
12604,ALEXANDRA,28-08-1900,America
12605,JILLIAN,29-08-1900,America
12606,LARRY,30-08-1900,America
12607,RANDY,31-08-1900,America
12608,FRANCISCO,01-09-1900,America
12609,COLE,02-09-1900,America
12610,NATHAN,03-09-1900,America
12611,CAROL,04-09-1900,America
12612,ARTHUR,05-09-1900,America
12613,TAMARA,06-09-1900,America
12614,BRETT,07-09-1900,America
12615,LINDA,08-09-1900,America
12616,WENDY,09-09-1900,America
12617,MANUEL,10-09-1900,America
12618,SHANNON,11-09-1900,America
12619,JOEL,12-09-1900,America
12620,LANCE,13-09-1900,America
12621,NATHAN,14-09-1900,America
12622,KELSEY,15-09-1900,America
12623,JAKE,16-09-1900,America
12624,DAWN,17-09-1900,America
12625,PRISCILLA,18-09-1900,America
12626,MAURICE,19-09-1900,America
12627,BARRY,20-09-1900,America
12628,MICHEAL,21-09-1900,America
12629,JESSE,22-09-1900,America
12630,JAMIE,23-09-1900,America
12631,CARLY,24-09-1900,America
12632,CASSIE,25-09-1900,America
12633,LEAH,26-09-1900,America
12634,ARTURO,27-09-1900,America
12635,RUSSELL,28-09-1900,America
12636,KEVIN,29-09-1900,America
12637,CLARENCE,30-09-1900,America
12638,BONNIE,01-10-1900,America
12639,SHANNON,02-10-1900,America
12640,DERRICK,03-10-1900,America
12641,BRAD,04-10-1900,America
12642,TAMER,05-10-1900,America
12643,LEONARD,06-10-1900,America
12644,SEBASTIAN,07-10-1900,America
12645,RUBEN,08-10-1900,America
12646,ANGEL,09-10-1900,America
12647,WILLIE,10-10-1900,America
12648,JIMMY,11-10-1900,America
12649,KRISTINA,12-10-1900,America
12650,RACHEL,13-10-1900,America
12651,AUDREY,14-10-1900,America
12652,KENNETH,15-10-1900,America
12653,COLLEEN,16-10-1900,America
12654,LORI,17-10-1900,America
12655,OMAR,18-10-1900,America
12656,AARON,19-10-1900,America
12657,MARTIN,20-10-1900,America
12658,CAROLYN,21-10-1900,America
12659,NICHOLE,22-10-1900,America
12660,BRIANA,23-10-1900,America
12661,LARRY,24-10-1900,America
12662,BLAKE,25-10-1900,America
12663,AUDREY,26-10-1900,America
12664,JOY,27-10-1900,America
12665,DAMIEN,28-10-1900,America
12666,TONI,29-10-1900,America
12667,DEBORAH,30-10-1900,America
12668,JESSIE,31-10-1900,America
12669,MORGAN,01-11-1900,America
12670,KRISTA,02-11-1900,America
12671,JOY,03-11-1900,America
12672,JESSIE,04-11-1900,America
12673,MARIA,05-11-1900,America
12674,MELISSA,06-11-1900,America
12675,IRVING,07-11-1900,America
12676,SARAH,08-11-1900,America
12677,ALAN,09-11-1900,America
12678,CARSON,10-11-1900,America
12679,COLIN,11-11-1900,America
12680,JIMMY,12-11-1900,America
12681,HOLLY,13-11-1900,America
12682,MICHELE,14-11-1900,America
12683,CEDRIC,15-11-1900,America
12684,DANA,16-11-1900,America
12685,STACY,17-11-1900,America
12686,GEORGE,18-11-1900,America
12687,CHRISTY,19-11-1900,America
12688,KARI,20-11-1900,America
12689,LAURA,21-11-1900,America
12690,SHAUN,22-11-1900,America
12691,JACLYN,23-11-1900,America
12692,TRISHA,24-11-1900,America
12693,MARSHALL,25-11-1900,America
12694,STACY,26-11-1900,America
12695,TAMARA,27-11-1900,America
12696,ROGER,28-11-1900,America
12697,RAFAEL,29-11-1900,America
12698,GLENN,30-11-1900,America
12699,RUTH,01-12-1900,America
12700,JAY,02-12-1900,America
12701,KARI,03-12-1900,America
12702,STACEY,04-12-1900,America
12703,BRENDA,05-12-1900,America
12704,MOHAMED,06-12-1900,America
12705,AMY,07-12-1900,America
12706,MINDY,08-12-1900,America
12707,GARY,09-12-1900,America
12708,YOLANDA,10-12-1900,America
12709,RENEE,11-12-1900,America
12710,BARBARA,12-12-1900,America
12711,ANDRE,13-12-1900,America
12712,LOUIS,14-12-1900,America
12713,IAN,15-12-1900,America
12714,BONNIE,16-12-1900,America
12715,IAN,17-12-1900,America
12716,DALTON,18-12-1900,America
12717,HEATHER,19-12-1900,America
12718,ARTHUR,20-12-1900,America
12719,DEBORAH,21-12-1900,America
12720,COLLEEN,22-12-1900,America
12721,EDDIE,23-12-1900,America
12722,DALE,24-12-1900,America
12723,HANNAH,25-12-1900,America
12724,TAMMY,26-12-1900,America
12725,CHERYL,27-12-1900,America
12726,NICOLAS,28-12-1900,America
12727,REBEKAH,29-12-1900,America
12728,LATASHA,30-12-1900,America
12729,KURT,31-12-1900,America
12730,EDDIE,01-01-1901,America
12731,GABRIELLE,02-01-1901,America
12733,KURT,03-01-1901,America
12734,AMANDA,04-01-1901,America
12735,JEREMIAH,05-01-1901,America
12736,JOSE,06-01-1901,America
12737,KARLA,07-01-1901,America
12738,STEVEN,08-01-1901,America
12739,LACEY,09-01-1901,America
12740,MARGARET,10-01-1901,America
12741,DONALD,11-01-1901,America
12742,DIANA,12-01-1901,America
12743,BRETT,13-01-1901,America
12744,MELINDA,14-01-1901,America
12745,EVAN,15-01-1901,America
12746,KATHRYN,16-01-1901,America
12747,RAYMOND,17-01-1901,America
12748,SAMANTHA,18-01-1901,America
12749,CARL,19-01-1901,America
12750,ANNA,20-01-1901,America
12751,RAFAEL,21-01-1901,America
12752,JUAN,22-01-1901,America
12753,COLLEEN,23-01-1901,America
12754,GRACE,24-01-1901,America
12755,MIGUEL,25-01-1901,America
12756,TERESA,26-01-1901,America
12757,PRISCILLA,27-01-1901,America
12758,JONATHON,28-01-1901,America
12759,RAMON,29-01-1901,America
12760,LINDSEY,30-01-1901,America
12761,CHLOE,31-01-1901,America
12762,ANTONIO,01-02-1901,America
12763,SARA,02-02-1901,America
12764,STEPHANIE,03-02-1901,America
12765,JADA,04-02-1901,America
12766,KRISTA,05-02-1901,America
12767,ALEXANDRA,06-02-1901,America
12768,JONATHAN,07-02-1901,America
12769,CHLOE,08-02-1901,America
12770,ALEXANDRA,09-02-1901,America
12771,ROBYN,10-02-1901,America
12772,JORDYN,11-02-1901,America
12773,CHRISTOPHER,12-02-1901,America
12774,JOHNATHAN,13-02-1901,America
12775,THOMAS,14-02-1901,America
12776,CHARLES,15-02-1901,America
12777,MORGAN,16-02-1901,America
12778,ABIGAIL,17-02-1901,America
12779,SAMANTHA,18-02-1901,America
12780,KRISTEN,19-02-1901,America
12781,CONNOR,20-02-1901,America
12782,BLAKE,21-02-1901,America
12783,JOSEPH,22-02-1901,America
12784,CONNIE,23-02-1901,America
12785,MASON,24-02-1901,America
12786,JEREMY,25-02-1901,America
12787,EMMA,26-02-1901,America
12788,ELIZABETH,27-02-1901,America
12789,JEROME,28-02-1901,America
12790,JONATHAN,01-03-1901,America
12791,JAVIER,02-03-1901,America
12792,JAMES,03-03-1901,America
12793,KATELYN,04-03-1901,America
12794,AMANDA,05-03-1901,America
12795,JAMIE,06-03-1901,America
12796,BRANDON,07-03-1901,America
12797,ANGELICA,08-03-1901,America
12798,BLAKE,09-03-1901,America
12799,JESSIE,10-03-1901,America
12800,MEGAN,11-03-1901,America
12801,ANTONIO,12-03-1901,America
12803,JASON,13-03-1901,America
12804,PATRICK,14-03-1901,America
12805,ANDY,15-03-1901,America
12806,GEORGE,16-03-1901,America
12807,LACEY,17-03-1901,America
12808,MELODY,18-03-1901,America
12809,HEATHER,19-03-1901,America
12810,JACLYN,20-03-1901,America
12811,MARVIN,21-03-1901,America
12812,RONNIE,22-03-1901,America
12813,NINA,23-03-1901,America
12814,MARC,24-03-1901,America
12815,MICHELE,25-03-1901,America
12816,CHASE,26-03-1901,America
12817,MARC,27-03-1901,America
12818,BRANDI,28-03-1901,America
12819,REGINALD,29-03-1901,America
12820,CASEY,30-03-1901,America
12821,DOMINIQUE,31-03-1901,America
12822,TAMMY,01-04-1901,America
12823,THEODORE,02-04-1901,America
12824,CURTIS,03-04-1901,America
12825,NICOLAS,04-04-1901,America
12826,DEREK,05-04-1901,America
12827,CESAR,06-04-1901,America
12828,ALEXANDRA,07-04-1901,America
12829,BETHANY,08-04-1901,America
12830,KRISTOPHER,09-04-1901,America
12831,KELVIN,10-04-1901,America
12832,CALEB,11-04-1901,America
12833,NICOLAS,12-04-1901,America
12834,CAROL,13-04-1901,America
12835,MICAH,14-04-1901,America
12836,RUSSELL,15-04-1901,America
12837,KATHRYN,16-04-1901,America
12838,DOUGLAS,17-04-1901,America
12839,SHEENA,18-04-1901,America
12840,KELSEY,19-04-1901,America
12841,KARL,20-04-1901,America
12842,RODNEY,21-04-1901,America
12843,NICOLE,22-04-1901,America
12844,RALPH,23-04-1901,America
12845,DOMINIQUE,24-04-1901,America
12846,NAOMI,25-04-1901,America
12848,YOLANDA,26-04-1901,America
12849,KELVIN,27-04-1901,America
12850,SUMMER,28-04-1901,America
12851,GERALD,29-04-1901,America
12852,ANGELA,30-04-1901,America
12853,BRIDGET,01-05-1901,America
12854,BRITTNEY,02-05-1901,America
12855,ADAM,03-05-1901,America
12856,JOHNNY,04-05-1901,India
12857,BRANDY,05-05-1901,India
12858,TERESA,06-05-1901,India
12859,EVELYN,07-05-1901,India
12860,REGINALD,08-05-1901,India
12861,PHILIP,09-05-1901,India
12862,ROSA,10-05-1901,India
12863,RAUL,11-05-1901,India
12865,ADRIANA,12-05-1901,India
12866,EVELYN,13-05-1901,India
12867,JILLIAN,14-05-1901,India
12868,ROBYN,15-05-1901,India
12869,MELINDA,16-05-1901,India
12870,CALEB,17-05-1901,India
12871,BRANDY,18-05-1901,India
12872,JANELLE,19-05-1901,India
12873,LAURA,20-05-1901,India
12874,JULIE,21-05-1901,India
12875,ALISHA,22-05-1901,India
12876,TYRONE,23-05-1901,India
12877,LEAH,24-05-1901,India
12878,OLIVIA,25-05-1901,India
12879,MANDAR,26-05-1901,India
12880,KIRK,27-05-1901,India
12881,BRIANNA,28-05-1901,India
12882,BLAKE,29-05-1901,India
12883,ALEXANDER,30-05-1901,India
12884,GILBERT,31-05-1901,India
12885,ELIJAH,01-06-1901,India
12886,LUIS,02-06-1901,India
12889,ISABELLA,03-06-1901,India
12890,EDUARDO,04-06-1901,India
12891,STEPHANIE,05-06-1901,India
12892,MEGAN,06-06-1901,India
12893,JONATHAN,07-06-1901,India
12894,JOCELYN,08-06-1901,India
12895,JAMES,09-06-1901,India
12896,STEVEN,10-06-1901,India
12897,KAYLEE,11-06-1901,India
12898,BRIAN,12-06-1901,India
12899,BRITTANY,13-06-1901,India
12900,NATALIE,14-06-1901,India
12901,DESTINY,15-06-1901,India
12902,VICTORIA,16-06-1901,India
12903,ALYSSA,17-06-1901,India
12904,MADELINE,18-06-1901,India
12905,ANA,19-06-1901,India
12906,CARLOS,20-06-1901,India
12907,ROBERT,21-06-1901,India
12908,JULIA,22-06-1901,India
12909,JOHN,23-06-1901,India
12910,THOMAS,24-06-1901,India
12911,ALEXANDRA,25-06-1901,India
12912,PHILIP,26-06-1901,India
12913,JULIA,27-06-1901,India
12914,TYLER,28-06-1901,India
12915,KELSEY,29-06-1901,India
12916,ROBERT,30-06-1901,India
12917,SEBASTIAN,01-07-1901,India
12918,BRIANNA,02-07-1901,India
12920,BENJAMIN,03-07-1901,India
12921,JILL,04-07-1901,India
12923,KAITLYN,05-07-1901,India
12924,NATALIE,06-07-1901,India
12925,VANESSA,07-07-1901,India
12926,BROOKE,08-07-1901,India
12927,KELLY,09-07-1901,India
12928,WYATT,10-07-1901,India
12929,FERNANDO,11-07-1901,India
12930,DEVON,12-07-1901,India
12931,MACKENZIE,13-07-1901,India
12932,SARA,14-07-1901,India
12933,SAVANNAH,15-07-1901,India
12934,CAROL,16-07-1901,India
12935,VANESSA,17-07-1901,India
12936,GRACE,18-07-1901,India
12937,ANN,19-07-1901,India
12938,TYLER,20-07-1901,India
12939,JONATHAN,21-07-1901,India
12940,JASON,22-07-1901,India
12941,ROBERT,23-07-1901,India
12942,RENEE,24-07-1901,India
12943,MEGAN,25-07-1901,India
12944,EDWARD,26-07-1901,India
12945,EDUARDO,27-07-1901,India
12946,STEVEN,28-07-1901,India
12947,MARIA,29-07-1901,India
12948,MORGAN,30-07-1901,India
12949,CALEB,31-07-1901,India
12950,JOSE,01-08-1901,India
12951,JESSICA,02-08-1901,India
12952,SETH,03-08-1901,India
12953,ISAIAH,04-08-1901,India
12954,ADAM,05-08-1901,India
12955,MORGAN,06-08-1901,India
12956,MARY,07-08-1901,India
12957,BLAKE,08-08-1901,India
12958,JENNIFER,09-08-1901,India
12959,CATHERINE,10-08-1901,India
12960,PEDRO,11-08-1901,India
12961,THERESA,12-08-1901,India
12962,MARSHALL,13-08-1901,India
12963,ISABELLA,14-08-1901,India
12964,JENNIFER,15-08-1901,India
12965,Sitha,16-08-1901,India
12966,RAMON,17-08-1901,India
12967,Laxmi,18-08-1901,India
12968,Swetha,19-08-1901,India
12969,Swathi,20-08-1901,India
12970,Sunitha,21-08-1901,India
